<?xml version="1.0" encoding="UTF-8"?>
<ConfigList>root
    <!-- 【破釜沉舟】 降低总血量x%，增每个蓄力阵列y攻击力，可累加。 -->
    <SkillClass  id="1">
        <!--  结果集  低发动 中发动 高发动 -->
        <FuzzyVar  name="Desirability">
            <FuzzySet  setType="left"  name="Undesirable"  minBound="0"  peak="25" maxBound="50"> </FuzzySet>
            <FuzzySet  setType="middle"  name="Desirable"  minBound="25"  peak="50" maxBound="75"></FuzzySet>
            <FuzzySet  setType="right"  name="VeryDesirable"  minBound="50"  peak="75" maxBound="100"></FuzzySet>
        </FuzzyVar>
        <!--条件一区间 ：我方血量， 百分比-->
        <FuzzyVar  name="Life">
            <FuzzySet  setType="left"  name="Life_low"  minBound="0"  peak="50" maxBound="60"> </FuzzySet>
            <FuzzySet  setType="middle"  name="Life_Half"  minBound="50"  peak="60" maxBound="75"></FuzzySet>
            <FuzzySet  setType="right"  name="Life_High"  minBound="60"  peak="75" maxBound="100"></FuzzySet>
        </FuzzyVar>
        
        <!--条件二区间：我方激活攻击阵列数-->
        <FuzzyVar  name="Queue_Self">
            <FuzzySet  setType="left"  name="Queue_Self_Low"  minBound="0"  peak="1" maxBound="2"> </FuzzySet>
            <FuzzySet  setType="middle"  name="Queue_Self_Half"  minBound="2"  peak="3" maxBound="4"></FuzzySet>
            <FuzzySet  setType="right"  name="Queue_Self_High"  minBound="4"  peak="7" maxBound="12"></FuzzySet>
        </FuzzyVar>
        
        <FuzzyRule>
            <!-- 判断规则1  低生命，低攻击阵列数量，低发动-->
            <Antecedent  type="1">
                <Value name="Life_low"> </Value>
                <Value name = "Queue_Self_Low"> </Value>
            </Antecedent>
            <Consequence  type = "0" value="Undesirable"></Consequence>
        </FuzzyRule>
        
        <FuzzyRule>
            <!-- 判断规则2 低生命，中攻击阵列数量，低发动-->
            <Antecedent  type="1">
                <Value name="Life_low"> </Value>
                <Value name = "Queue_Self_Half"> </Value>
            </Antecedent>
            <Consequence  type = "0" value="Undesirable"></Consequence>
        </FuzzyRule>
        
        <FuzzyRule>
            <!-- 判断规则3 低生命，高攻击阵列数量，中发动-->
            <Antecedent  type="1">
                <Value name="Life_low"> </Value>
                <Value name = "Queue_Self_High"> </Value>
            </Antecedent>
            <Consequence  type = "0" value="Undesirable"></Consequence>
        </FuzzyRule>
        
        <FuzzyRule>
            <!-- 判断规则4  中生命，低攻击阵列数量，低发动-->
            <Antecedent  type="1">
                <Value name="Life_Half"> </Value>
                <Value name = "Queue_Self_Low"> </Value>
            </Antecedent>
            <Consequence  type = "0" value="Desirable"></Consequence>
        </FuzzyRule>
        
        <FuzzyRule>
            <!-- 判断规则5 中生命，中攻击阵列数量，低发动-->
            <Antecedent  type="1">
                <Value name="Life_Half"> </Value>
                <Value name = "Queue_Self_Half"> </Value>
            </Antecedent>
            <Consequence  type = "0" value="Desirable"></Consequence>
        </FuzzyRule>
        
        <FuzzyRule>
            <!-- 判断规则6 中生命，高攻击阵列数量，高发动-->
            <Antecedent  type="1">
                <Value name="Life_Half"> </Value>
                <Value name = "Queue_Self_High"> </Value>
            </Antecedent>
            <Consequence  type = "0" value="VeryDesirable"></Consequence>
        </FuzzyRule>
        
        <FuzzyRule>
            <!-- 判断规则7  高生命，低攻击阵列数量，中发动-->
            <Antecedent  type="1">
                <Value name="Life_High"> </Value>
                <Value name = "Queue_Self_Low"> </Value>
            </Antecedent>
            <Consequence  type = "0" value="Desirable"></Consequence>
        </FuzzyRule>
        
        <FuzzyRule>
            <!-- 判断规则8 高生命，中攻击阵列数量，高发动-->
            <Antecedent  type="1">
                <Value name="Life_High"> </Value>
                <Value name = "Queue_Self_Half"> </Value>
            </Antecedent>
            <Consequence  type = "0" value="VeryDesirable"></Consequence>
        </FuzzyRule>
        
        <FuzzyRule>
            <!-- 判断规则9 高生命，高攻击阵列数量，高发动-->
            <Antecedent  type="1">
                <Value name="Life_High"> </Value>
                <Value name = "Queue_Self_High"> </Value>
            </Antecedent>
            <Consequence  type = "0" value="VeryDesirable"></Consequence>
            
        </FuzzyRule>
        
    </SkillClass>
    
    
    
    <!-- 【凯歌高奏】 增加当前蓄力状态阵列攻击力x -->
    <SkillClass  id="2">
        <!--  结果集  低发动 中发动 高发动 -->
        <FuzzyVar  name="Desirability">
            <FuzzySet  setType="left"  name="Undesirable"  minBound="0"  peak="25" maxBound="50"> </FuzzySet>
            <FuzzySet  setType="middle"  name="Desirable"  minBound="25"  peak="50" maxBound="75"></FuzzySet>
            <FuzzySet  setType="right"  name="VeryDesirable"  minBound="50"  peak="75" maxBound="100"></FuzzySet>
        </FuzzyVar>
        
        <!--条件一区间：我方激活攻击阵列数-->
        <FuzzyVar  name="Queue_Self">
            <FuzzySet  setType="left"  name="Queue_Self_Low"  minBound="0"  peak="1" maxBound="2"> </FuzzySet>
            <FuzzySet  setType="middle"  name="Queue_Self_Half"  minBound="1"  peak="3" maxBound="4"></FuzzySet>
            <FuzzySet  setType="right"  name="Queue_Self_High"  minBound="3"  peak="5" maxBound="6"></FuzzySet>
        </FuzzyVar>
        
        <FuzzyRule>
            <!-- 判断规则1 低攻击阵列数量，低发动-->
            <Antecedent  type="0">
                <Value name = "Queue_Self_Low"> </Value>
            </Antecedent>
            <Consequence  type = "0" value="Undesirable"></Consequence>
        </FuzzyRule>
        
        <FuzzyRule>
            <!-- 判断规则2 中攻击阵列数量，中发动-->
            <Antecedent  type="0">
                <Value name = "Queue_Self_Half"> </Value>
            </Antecedent>
            <Consequence  type = "0" value="Desirable"></Consequence>
        </FuzzyRule>
        
        <FuzzyRule>
            <!-- 判断规则3 高攻击阵列数量，高发动-->
            <Antecedent  type="0">
                <Value name = "Queue_Self_Half"> </Value>
            </Antecedent>
            <Consequence  type = "0" value="VeryDesirable"></Consequence>
            
        </FuzzyRule>
        
    </SkillClass>
    
    
    
    
    <!-- 【妙手回春】恢复我方血量x -->
    <SkillClass  id="3">
        <!--  结果集  低发动 中发动 高发动 -->
        <FuzzyVar  name="Desirability">
            <FuzzySet  setType="left"  name="Undesirable"  minBound="0"  peak="25" maxBound="50"> </FuzzySet>
            <FuzzySet  setType="middle"  name="Desirable"  minBound="25"  peak="50" maxBound="75"></FuzzySet>
            <FuzzySet  setType="right"  name="VeryDesirable"  minBound="50"  peak="75" maxBound="100"></FuzzySet>
        </FuzzyVar>
        
        <!--条件一区间：我方血量-->
        <FuzzyVar  name="Life">
            <FuzzySet  setType="left"  name="Life_low"  minBound="0"  peak="50" maxBound="75"> </FuzzySet>
            <FuzzySet  setType="middle"  name="Life_Half"  minBound="50"  peak="75" maxBound="85"></FuzzySet>
            <FuzzySet  setType="right"  name="Life_High"  minBound="75"  peak="85" maxBound="100"></FuzzySet>
        </FuzzyVar>
        
        <FuzzyRule>
            <!-- 判断规则1  低生命，高发动-->
            <Antecedent  type="0">
                <Value name = "Life_low"> </Value>
            </Antecedent>
            <Consequence  type = "0" value="VeryDesirable"></Consequence>
        </FuzzyRule>
        
        <FuzzyRule>
            <!-- 判断规则2 中生命，中发动-->
            <Antecedent  type="0">
                <Value name = "Life_Half"> </Value>
            </Antecedent>
            <Consequence  type = "0" value="Desirable"></Consequence>
        </FuzzyRule>
        
        <FuzzyRule>
            <!-- 判断规则3 高生命，低发动-->
            <Antecedent  type="0">
                <Value name = "Life_High"> </Value>
            </Antecedent>
            <Consequence  type = "0" value="Undesirable"></Consequence>
            
        </FuzzyRule>
        
    </SkillClass>
    
    
    
    <!-- 【虚空盾】加固主城墙，立即回复城墙y血量。并抵御下回合x点伤害。 -->
    <SkillClass  id="4">
        <!--  结果集  低发动 中发动 高发动 -->
        <FuzzyVar  name="Desirability">
            <FuzzySet  setType="left"  name="Undesirable"  minBound="0"  peak="25" maxBound="50"> </FuzzySet>
            <FuzzySet  setType="middle"  name="Desirable"  minBound="25"  peak="50" maxBound="75"></FuzzySet>
            <FuzzySet  setType="right"  name="VeryDesirable"  minBound="50"  peak="75" maxBound="100"></FuzzySet>
        </FuzzyVar>
        
        <!--条件一区间：我方血量-->
        <FuzzyVar  name="Life">
            <FuzzySet  setType="left"  name="Life_low"  minBound="0"  peak="25" maxBound="50"> </FuzzySet>
            <FuzzySet  setType="middle"  name="Life_Half"  minBound="25"  peak="50" maxBound="75"></FuzzySet>
            <FuzzySet  setType="right"  name="Life_High"  minBound="50"  peak="75" maxBound="100"></FuzzySet>
        </FuzzyVar>
        
        <!--条件二区间：下回合对方总伤害 自身总血量的百分比-->
        <FuzzyVar  name="Damage_opp">
            <FuzzySet  setType="left"  name="Damage_opp_low"  minBound="0"  peak="4" maxBound="8"> </FuzzySet>
            <FuzzySet  setType="middle"  name="Damage_opp_Half"  minBound="4"  peak="8" maxBound="20"></FuzzySet>
            <FuzzySet  setType="right"  name="Damage_opp_High"  minBound="8"  peak="35" maxBound="100"></FuzzySet>
        </FuzzyVar>
        
        <FuzzyRule>
            <!-- 判断规则1  低生命，低伤害，高发动-->
            <Antecedent  type="1">
                <Value name="Life_low"> </Value>
                <Value name = "Damage_opp_low"> </Value>
            </Antecedent>
            <Consequence  type = "0" value="VeryDesirable"></Consequence>
        </FuzzyRule>
        
        <FuzzyRule>
            <!-- 判断规则2 低生命，中伤害，高发动，附加高修正-->
            <Antecedent  type="1">
                <Value name="Life_low"> </Value>
                <Value name = "Damage_opp_Half"> </Value>
            </Antecedent>
            <Consequence  type = "2" value="VeryDesirable"></Consequence>
        </FuzzyRule>
        
        <FuzzyRule>
            <!-- 判断规则3 低生命，高伤害，高发动，附加高修正-->
            <Antecedent  type="1">
                <Value name="Life_low"> </Value>
                <Value name = "Damage_opp_High"> </Value>
            </Antecedent>
            <Consequence  type = "2" value="VeryDesirable"></Consequence>
        </FuzzyRule>
        
        <FuzzyRule>
            <!-- 判断规则4  中生命，低伤害，中发动-->
            <Antecedent  type="1">
                <Value name="Life_Half"> </Value>
                <Value name = "Damage_opp_low"> </Value>
            </Antecedent>
            <Consequence  type = "0" value="Desirable"></Consequence>
        </FuzzyRule>
        
        <FuzzyRule>
            <!-- 判断规则5 中生命，中伤害，高发动-->
            <Antecedent  type="1">
                <Value name="Life_Half"> </Value>
                <Value name = "Damage_opp_Half"> </Value>
            </Antecedent>
            <Consequence  type = "0" value="VeryDesirable"></Consequence>
        </FuzzyRule>
        
        <FuzzyRule>
            <!-- 判断规则6 中生命，高伤害，高发动-->
            <Antecedent  type="1">
                <Value name="Life_Half"> </Value>
                <Value name = "Damage_opp_High"> </Value>
            </Antecedent>
            <Consequence  type = "0" value="VeryDesirable"></Consequence>
        </FuzzyRule>
        
        <FuzzyRule>
            <!-- 判断规则7  高生命，低伤害，低发动-->
            <Antecedent  type="1">
                <Value name="Life_High"> </Value>
                <Value name = "Damage_opp_low"> </Value>
            </Antecedent>
            <Consequence  type = "0" value="Undesirable"></Consequence>
        </FuzzyRule>
        
        <FuzzyRule>
            <!-- 判断规则8 高生命，中伤害，中发动-->
            <Antecedent  type="1">
                <Value name="Life_High"> </Value>
                <Value name = "Damage_opp_Half"> </Value>
            </Antecedent>
            <Consequence  type = "0" value="Desirable"></Consequence>
        </FuzzyRule>
        
        <FuzzyRule>
            <!-- 判断规则9 高生命，高伤害，高发动-->
            <Antecedent  type="1">
                <Value name="Life_High"> </Value>
                <Value name = "Damage_opp_High"> </Value>
            </Antecedent>
            <Consequence  type = "0" value="VeryDesirable"></Consequence>
        </FuzzyRule>
    </SkillClass>
    
    
    
    
    
    <!-- 【武圣之怒】选择三列，发射三支弩箭，每只攻击力为x -->
    <SkillClass  id="5">
        <!--  结果集  低发动 中发动 高发动 -->
        <FuzzyVar  name="Desirability">
            <FuzzySet  setType="left"  name="Undesirable"  minBound="0"  peak="25" maxBound="50"> </FuzzySet>
            <FuzzySet  setType="middle"  name="Desirable"  minBound="25"  peak="50" maxBound="75"></FuzzySet>
            <FuzzySet  setType="right"  name="VeryDesirable"  minBound="50"  peak="75" maxBound="100"></FuzzySet>
        </FuzzyVar>
        
        <!--条件一区间：对方散武将数量-->
        <FuzzyVar  name="Hero_opp">
            <FuzzySet  setType="left"  name="Hero_opp_low"  minBound="0"  peak="1" maxBound="2"> </FuzzySet>
            <FuzzySet  setType="middle"  name="Hero_opp_Half"  minBound="1"  peak="2" maxBound="3"></FuzzySet>
            <FuzzySet  setType="right"  name="Hero_opp_High"  minBound="2"  peak="3" maxBound="4"></FuzzySet>
        </FuzzyVar>
        
        <FuzzyRule>
            <!-- 判断规则1  低生命，中发动-->
            <Antecedent  type="0">
                <Value name = "Hero_opp_low"> </Value>
            </Antecedent>
            <Consequence  type = "0" value="Desirable"></Consequence>
        </FuzzyRule>
        
        <FuzzyRule>
            <!-- 判断规则2 中生命，高发动，附加中修饰-->
            <Antecedent  type="0">
                <Value name = "Hero_opp_Half"> </Value>
            </Antecedent>
            <Consequence  type = "1" value="VeryDesirable"></Consequence>
        </FuzzyRule>
        
        <FuzzyRule>
            <!-- 判断规则3 高生命，高发动，附加高修饰-->
            <Antecedent  type="0">
                <Value name = "Hero_opp_High"> </Value>
            </Antecedent>
            <Consequence  type = "2" value="VeryDesirable"></Consequence>
            
        </FuzzyRule>
        
    </SkillClass>
    
    
    
    
    <!-- 【泰山压顶】对敌方阵营随机x个位置造成y点伤害 -->
    <SkillClass  id="6">
        <!--  结果集  低发动 中发动 高发动 -->
        <FuzzyVar  name="Desirability">
            <FuzzySet  setType="left"  name="Undesirable"  minBound="0"  peak="25" maxBound="50"> </FuzzySet>
            <FuzzySet  setType="middle"  name="Desirable"  minBound="25"  peak="50" maxBound="75"></FuzzySet>
            <FuzzySet  setType="right"  name="VeryDesirable"  minBound="50"  peak="75" maxBound="100"></FuzzySet>
        </FuzzyVar>
        
        <!--条件一区间：对方散武将数量-->
        <FuzzyVar  name="Hero_opp">
            <FuzzySet  setType="left"  name="Hero_opp_low"  minBound="0"  peak="1" maxBound="2"> </FuzzySet>
            <FuzzySet  setType="middle"  name="Hero_opp_Half"  minBound="1"  peak="2" maxBound="3"></FuzzySet>
            <FuzzySet  setType="right"  name="Hero_opp_High"  minBound="2"  peak="3" maxBound="4"></FuzzySet>
        </FuzzyVar>
        
        <FuzzyRule>
            <!-- 判断规则1  低生命，中发动-->
            <Antecedent  type="0">
                <Value name = "Hero_opp_low"> </Value>
            </Antecedent>
            <Consequence  type = "0" value="Desirable"></Consequence>
        </FuzzyRule>
        
        <FuzzyRule>
            <!-- 判断规则2 中生命，高发动，附加中修饰-->
            <Antecedent  type="0">
                <Value name = "Hero_opp_Half"> </Value>
            </Antecedent>
            <Consequence  type = "1" value="VeryDesirable"></Consequence>
        </FuzzyRule>
        
        <FuzzyRule>
            <!-- 判断规则3 高生命，高发动，附加高修饰-->
            <Antecedent  type="0">
                <Value name = "Hero_opp_High"> </Value>
            </Antecedent>
            <Consequence  type = "2" value="VeryDesirable"></Consequence>
            
        </FuzzyRule>
        
    </SkillClass>
    
    
    
    <!-- 【火烧连营】将敌方随机x个防御墙转化为炸弹，每个炸弹对周围单位造成总额为y的火焰伤害 -->
    <SkillClass  id="7">
        <!--  结果集  低发动 中发动 高发动 -->
        <FuzzyVar  name="Desirability">
            <FuzzySet  setType="left"  name="Undesirable"  minBound="0"  peak="25" maxBound="50"> </FuzzySet>
            <FuzzySet  setType="middle"  name="Desirable"  minBound="25"  peak="50" maxBound="75"></FuzzySet>
            <FuzzySet  setType="right"  name="VeryDesirable"  minBound="50"  peak="75" maxBound="100"></FuzzySet>
        </FuzzyVar>
        
        <!--条件一区间：对方防御墙数量-->
        <FuzzyVar  name="Wall_opp">
            <FuzzySet  setType="left"  name="Wall_opp_low"  minBound="0"  peak="1" maxBound="2"> </FuzzySet>
            <FuzzySet  setType="middle"  name="Wall_opp_Half"  minBound="1"  peak="4" maxBound="5"></FuzzySet>
            <FuzzySet  setType="right"  name="Wall_opp_High"  minBound="4"  peak="7" maxBound="12"></FuzzySet>
        </FuzzyVar>
        
        <FuzzyRule>
            <!-- 判断规则1  低对方防御墙数量，中发动-->
            <Antecedent  type="0">
                <Value name = "Wall_opp_low"> </Value>
            </Antecedent>
            <Consequence  type = "0" value="Undesirable"></Consequence>
        </FuzzyRule>
        
        <FuzzyRule>
            <!-- 判断规则2 中对方防御墙数量，高发动-->
            <Antecedent  type="0">
                <Value name = "Wall_opp_Half"> </Value>
            </Antecedent>
            <Consequence  type = "1" value="VeryDesirable"></Consequence>
        </FuzzyRule>
        
        <FuzzyRule>
            <!-- 判断规则3 高对方防御墙数量，高发动，附加高修饰-->
            <Antecedent  type="0">
                <Value name = "Wall_opp_High"> </Value>
            </Antecedent>
            <Consequence  type = "2" value="VeryDesirable"></Consequence>
            
        </FuzzyRule>
        
    </SkillClass>
    
    
    
    <!-- 【横扫千军】对敌方全列进行刀波攻击，每列造成x点伤害 -->
    <SkillClass  id="8">
        <!--  结果集  低发动 中发动 高发动 -->
        <FuzzyVar  name="Desirability">
            <FuzzySet  setType="left"  name="Undesirable"  minBound="0"  peak="25" maxBound="50"> </FuzzySet>
            <FuzzySet  setType="middle"  name="Desirable"  minBound="25"  peak="50" maxBound="75"></FuzzySet>
            <FuzzySet  setType="right"  name="VeryDesirable"  minBound="50"  peak="75" maxBound="100"></FuzzySet>
        </FuzzyVar>
        
        <!--条件一区间：对方散武将数量-->
        <FuzzyVar  name="Hero_opp">
            <FuzzySet  setType="left"  name="Hero_opp_low"  minBound="0"  peak="1" maxBound="2"> </FuzzySet>
            <FuzzySet  setType="middle"  name="Hero_opp_Half"  minBound="1"  peak="2" maxBound="3"></FuzzySet>
            <FuzzySet  setType="right"  name="Hero_opp_High"  minBound="2"  peak="3" maxBound="4"></FuzzySet>
        </FuzzyVar>
        
        <FuzzyRule>
            <!-- 判断规则1  低生命，中发动-->
            <Antecedent  type="0">
                <Value name = "Hero_opp_low"> </Value>
            </Antecedent>
            <Consequence  type = "0" value="Desirable"></Consequence>
        </FuzzyRule>
        
        <FuzzyRule>
            <!-- 判断规则2 中生命，高发动，附加中修饰-->
            <Antecedent  type="0">
                <Value name = "Hero_opp_Half"> </Value>
            </Antecedent>
            <Consequence  type = "1" value="VeryDesirable"></Consequence>
        </FuzzyRule>
        
        <FuzzyRule>
            <!-- 判断规则3 高生命，高发动，附加高修饰-->
            <Antecedent  type="0">
                <Value name = "Hero_opp_High"> </Value>
            </Antecedent>
            <Consequence  type = "2" value="VeryDesirable"></Consequence>
            
        </FuzzyRule>
        
    </SkillClass>
    
    
    
    
    
    
    <!-- 【霹雳火阵】将所有己方防御墙转化为火球进行攻击，每个火球造成x点伤害 -->
    <SkillClass  id="9">
        <!--  结果集  低发动 中发动 高发动 -->
        <FuzzyVar  name="Desirability">
            <FuzzySet  setType="left"  name="Undesirable"  minBound="0"  peak="25" maxBound="50"> </FuzzySet>
            <FuzzySet  setType="middle"  name="Desirable"  minBound="25"  peak="50" maxBound="75"></FuzzySet>
            <FuzzySet  setType="right"  name="VeryDesirable"  minBound="50"  peak="75" maxBound="100"></FuzzySet>
        </FuzzyVar>
        
        <!--条件一区间：对方散武将数量-->
        <FuzzyVar  name="Hero_opp">
            <FuzzySet  setType="left"  name="Hero_opp_low"  minBound="0"  peak="1" maxBound="2"> </FuzzySet>
            <FuzzySet  setType="middle"  name="Hero_opp_Half"  minBound="1"  peak="2" maxBound="3"></FuzzySet>
            <FuzzySet  setType="right"  name="Hero_opp_High"  minBound="2"  peak="3" maxBound="4"></FuzzySet>
        </FuzzyVar>
        <!--条件二区间：我方防御墙数量-->
        <FuzzyVar  name="Wall_self">
            <FuzzySet  setType="left"  name="Wall_self_low"  minBound="0"  peak="1" maxBound="2"> </FuzzySet>
            <FuzzySet  setType="middle"  name="Wall_self_Half"  minBound="1"  peak="4" maxBound="5"></FuzzySet>
            <FuzzySet  setType="right"  name="Wall_self_High"  minBound="4"  peak="7" maxBound="12"></FuzzySet>
        </FuzzyVar>
        <FuzzyRule>
            <!-- 判断规则1  对方低散武将，我方低墙数量，低发动-->
            <Antecedent  type="1">
                <Value name="Hero_opp_low"> </Value>
                <Value name = "Wall_self_low"> </Value>
            </Antecedent>
            <Consequence  type = "0" value="Undesirable"></Consequence>
        </FuzzyRule>
        
        <FuzzyRule>
            <!-- 判断规则2  对方低散武将，我方中墙数量，中发动-->
            <Antecedent  type="1">
                <Value name="Hero_opp_low"> </Value>
                <Value name = "Wall_self_Half"> </Value>
            </Antecedent>
            <Consequence  type = "0" value="Desirable"></Consequence>
        </FuzzyRule>
        
        <FuzzyRule>
            <!-- 判断规则3  对方低散武将，我方高墙数量，低发动-->
            <Antecedent  type="1">
                <Value name="Hero_opp_low"> </Value>
                <Value name = "Wall_self_High"> </Value>
            </Antecedent>
            <Consequence  type = "0" value="Undesirable"></Consequence>
        </FuzzyRule>
        
        <FuzzyRule>
            <!-- 判断规则4  对方中散武将，我方低墙数量，中发动-->
            <Antecedent  type="1">
                <Value name="Hero_opp_Half"> </Value>
                <Value name = "Wall_self_low"> </Value>
            </Antecedent>
            <Consequence  type = "0" value="Desirable"></Consequence>
        </FuzzyRule>
        
        <FuzzyRule>
            <!-- 判断规则5  对方中散武将，我方中墙数量，高发动-->
            <Antecedent  type="1">
                <Value name="Hero_opp_Half"> </Value>
                <Value name = "Wall_self_Half"> </Value>
            </Antecedent>
            <Consequence  type = "0" value="VeryDesirable"></Consequence>
        </FuzzyRule>
        
        <FuzzyRule>
            <!-- 判断规则6  对方中散武将，我方高墙数量，中发动-->
            <Antecedent  type="1">
                <Value name="Hero_opp_Half"> </Value>
                <Value name = "Wall_self_High"> </Value>
            </Antecedent>
            <Consequence  type = "0" value="Desirable"></Consequence>
        </FuzzyRule>
        
        <FuzzyRule>
            <!-- 判断规则7  对方高散武将，我方低墙数量，中发动-->
            <Antecedent  type="1">
                <Value name="Hero_opp_High"> </Value>
                <Value name = "Wall_self_low"> </Value>
            </Antecedent>
            <Consequence  type = "0" value="Desirable"></Consequence>
        </FuzzyRule>
        
        <FuzzyRule>
            <!-- 判断规则8  对方高散武将，我方中墙数量，高发动，附加高修正-->
            <Antecedent  type="1">
                <Value name="Hero_opp_High"> </Value>
                <Value name = "Wall_self_Half"> </Value>
            </Antecedent>
            <Consequence  type = "2" value="VeryDesirable"></Consequence>
        </FuzzyRule>
        
        <FuzzyRule>
            <!-- 判断规则9  对方高散武将，我方高墙数量，高发动-->
            <Antecedent  type="1">
                <Value name="Hero_opp_High"> </Value>
                <Value name = "Wall_self_High"> </Value>
            </Antecedent>
            <Consequence  type = "0" value="VeryDesirable"></Consequence>
            
        </FuzzyRule>
        
    </SkillClass>
    
    
    
    <!-- 【幽冥盾】加固主城墙，抵御下回合x伤害。如果没有受到伤害，将以每列y攻击力进行全列攻击 -->
    <SkillClass  id="10">
        <!--  结果集  低发动 中发动 高发动 -->
        <FuzzyVar  name="Desirability">
            <FuzzySet  setType="left"  name="Undesirable"  minBound="0"  peak="25" maxBound="50"> </FuzzySet>
            <FuzzySet  setType="middle"  name="Desirable"  minBound="25"  peak="50" maxBound="75"></FuzzySet>
            <FuzzySet  setType="right"  name="VeryDesirable"  minBound="50"  peak="75" maxBound="100"></FuzzySet>
        </FuzzyVar>
        
        <!--条件一区间 ：我方血量， 百分比-->
        <FuzzyVar  name="Life">
            <FuzzySet  setType="left"  name="Life_low"  minBound="0"  peak="25" maxBound="50"> </FuzzySet>
            <FuzzySet  setType="middle"  name="Life_Half"  minBound="25"  peak="50" maxBound="75"></FuzzySet>
            <FuzzySet  setType="right"  name="Life_High"  minBound="50"  peak="75" maxBound="100"></FuzzySet>
        </FuzzyVar>
        <!--条件二区间：下回合对方总伤害 自身总血量的百分比-->
        <FuzzyVar  name="Damage_opp">
            <FuzzySet  setType="left"  name="Damage_opp_low"  minBound="0"  peak="4" maxBound="8"> </FuzzySet>
            <FuzzySet  setType="middle"  name="Damage_opp_Half"  minBound="4"  peak="10" maxBound="20"></FuzzySet>
            <FuzzySet  setType="right"  name="Damage_opp_High"  minBound="10"  peak="35" maxBound="100"></FuzzySet>
        </FuzzyVar>
        <FuzzyRule>
            <!-- 判断规则1  我方低血量，下回合对方低伤害，中发动-->
            <Antecedent  type="1">
                <Value name="Life_low"> </Value>
                <Value name = "Damage_opp_low"> </Value>
            </Antecedent>
            <Consequence  type = "0" value="Desirable"></Consequence>
        </FuzzyRule>
        
        <FuzzyRule>
            <!-- 判断规则2 我方低血量，下回合对方中伤害，高发动-->
            <Antecedent  type="1">
                <Value name="Life_low"> </Value>
                <Value name = "Damage_opp_Half"> </Value>
            </Antecedent>
            <Consequence  type = "0" value="VeryDesirable"></Consequence>
        </FuzzyRule>
        
        <FuzzyRule>
            <!-- 判断规则3  我方低血量，下回合对方高伤害，高发动，附加高修正-->
            <Antecedent  type="1">
                <Value name="Life_low"> </Value>
                <Value name = "Damage_opp_High"> </Value>
            </Antecedent>
            <Consequence  type = "2" value="VeryDesirable"></Consequence>
        </FuzzyRule>
        
        <FuzzyRule>
            <!-- 判断规则4  我方中血量，下回合对方低伤害，中发动-->
            <Antecedent  type="1">
                <Value name="Life_Half"> </Value>
                <Value name = "Damage_opp_low"> </Value>
            </Antecedent>
            <Consequence  type = "0" value="Desirable"></Consequence>
        </FuzzyRule>
        
        <FuzzyRule>
            <!-- 判断规则5  我方中血量，下回合对方中伤害，高发动-->
            <Antecedent  type="1">
                <Value name="Life_Half"> </Value>
                <Value name = "Damage_opp_Half"> </Value>
            </Antecedent>
            <Consequence  type = "0" value="VeryDesirable"></Consequence>
        </FuzzyRule>
        
        <FuzzyRule>
            <!-- 判断规则6 我方中血量，下回合对方高伤害，高发动，附带高修正-->
            <Antecedent  type="1">
                <Value name="Life_Half"> </Value>
                <Value name = "Damage_opp_High"> </Value>
            </Antecedent>
            <Consequence  type = "2" value="VeryDesirable"></Consequence>
        </FuzzyRule>
        
        <FuzzyRule>
            <!-- 判断规则7 我方高血量，下回合对方低伤害，低发动-->
            <Antecedent  type="1">
                <Value name="Life_High"> </Value>
                <Value name = "Damage_opp_low"> </Value>
            </Antecedent>
            <Consequence  type = "0" value="Undesirable"></Consequence>
        </FuzzyRule>
        
        <FuzzyRule>
            <!-- 判断规则8  我方高血量，下回合对方中伤害，中发动-->
            <Antecedent  type="1">
                <Value name="Life_High"> </Value>
                <Value name = "Damage_opp_Half"> </Value>
            </Antecedent>
            <Consequence  type = "2" value="Desirable"></Consequence>
        </FuzzyRule>
        
        <FuzzyRule>
            <!-- 判断规则9  我方高血量，下回合对方高伤害，高发动-->
            <Antecedent  type="1">
                <Value name="Life_High"> </Value>
                <Value name = "Damage_opp_High"> </Value>
            </Antecedent>
            <Consequence  type = "0" value="VeryDesirable"></Consequence>
            
        </FuzzyRule>
        
    </SkillClass>
    
    
    
    
    <!-- 【亡魂杀】发动后，杀死己方所有散兵（不包括武将）形成一个攻击球，玩家选择列发射出去。（每杀死一个散兵提供x点攻击力） -->
    <SkillClass  id="11">
        <!--  结果集  低发动 中发动 高发动 -->
        <FuzzyVar  name="Desirability">
            <FuzzySet  setType="left"  name="Undesirable"  minBound="0"  peak="25" maxBound="50"> </FuzzySet>
            <FuzzySet  setType="middle"  name="Desirable"  minBound="25"  peak="50" maxBound="75"></FuzzySet>
            <FuzzySet  setType="right"  name="VeryDesirable"  minBound="50"  peak="75" maxBound="100"></FuzzySet>
        </FuzzyVar>
        
        <!--条件一区间：我方散兵数量-->
        <FuzzyVar  name="Soldier_self">   
            <FuzzySet  setType="left"  name="Soldier_self_low"  minBound="0"  peak="3" maxBound="6"> </FuzzySet>
            <FuzzySet  setType="middle"  name="Soldier_self_Half"  minBound="3"  peak="9" maxBound="12"></FuzzySet>
            <FuzzySet  setType="right"  name="Soldier_self_High"  minBound="9"  peak="16" maxBound="20"></FuzzySet>
        </FuzzyVar>
        
        <FuzzyRule>
            <!-- 判断规则1  低散兵数量，低发动-->
            <Antecedent  type="0">
                <Value name = "Soldier_self_low"> </Value>
            </Antecedent>
            <Consequence  type = "0" value="Undesirable"></Consequence>
        </FuzzyRule>
        
        <FuzzyRule>
            <!-- 判断规则2 中散兵数量，中发动-->
            <Antecedent  type="0">
                <Value name = "Soldier_self_Half"> </Value>
            </Antecedent>
            <Consequence  type = "0" value="Desirable"></Consequence>
        </FuzzyRule>
        
        <FuzzyRule>		
            <!-- 判断规则3 高散兵数量，高发动-->
            <Antecedent  type="0">
                <Value name = "Soldier_self_High"> </Value>
            </Antecedent>
            <Consequence  type = "0" value="VeryDesirable"></Consequence>
            
        </FuzzyRule>
        
    </SkillClass> 
    
    
    
    <!-- 【空城计】发动后将清除我方全部未形成阵列的士兵，并且将敌方在下回合内对我方城墙伤害的x%反弹给敌方城墙。 -->
    <SkillClass  id="12">
        <!--  结果集  低发动 中发动 高发动 -->
        <FuzzyVar  name="Desirability">   
            <FuzzySet  setType="left"  name="Undesirable"  minBound="0"  peak="25" maxBound="50"> </FuzzySet>
            <FuzzySet  setType="middle"  name="Desirable"  minBound="25"  peak="50" maxBound="75"></FuzzySet>
            <FuzzySet  setType="right"  name="VeryDesirable"  minBound="50"  peak="75" maxBound="100"></FuzzySet>
        </FuzzyVar>
        
        <!--条件一区间：我方血量-->
        <FuzzyVar  name="Life">   
            <FuzzySet  setType="left"  name="Life_low"  minBound="0"  peak="25" maxBound="50"> </FuzzySet>
            <FuzzySet  setType="middle"  name="Life_Half"  minBound="25"  peak="50" maxBound="75"></FuzzySet>
            <FuzzySet  setType="right"  name="Life_High"  minBound="50"  peak="75" maxBound="100"></FuzzySet>
        </FuzzyVar>
        
        <!--条件二区间：下回合对方总伤害 自身总血量的百分比-->
        <FuzzyVar  name="Damage_opp">   
            <FuzzySet  setType="left"  name="Damage_opp_low"  minBound="0"  peak="4" maxBound="8"> </FuzzySet>
            <FuzzySet  setType="middle"  name="Damage_opp_Half"  minBound="8"  peak="10" maxBound="20"></FuzzySet>
            <FuzzySet  setType="right"  name="Damage_opp_High"  minBound="20"  peak="35" maxBound="100"></FuzzySet>
        </FuzzyVar>
        
        <FuzzyRule>
            <!-- 判断规则1  低生命，低伤害，低发动-->
            <Antecedent  type="1">
                <Value name="Life_low"> </Value>
                <Value name = "Damage_opp_low"> </Value>
            </Antecedent>
            <Consequence  type = "0" value="Desirable"></Consequence>
        </FuzzyRule>
        
        <FuzzyRule>
            <!-- 判断规则2 低生命，中伤害，高发动-->
            <Antecedent  type="1">
                <Value name="Life_low"> </Value>
                <Value name = "Damage_opp_Half"> </Value>
            </Antecedent>
            <Consequence  type = "0" value="VeryDesirable"></Consequence>
        </FuzzyRule>
        
        <FuzzyRule>		
            <!-- 判断规则3 低生命，高伤害，高发动，附加高修正-->
            <Antecedent  type="1">
                <Value name="Life_low"> </Value>
                <Value name = "Damage_opp_High"> </Value>
            </Antecedent>
            <Consequence  type = "2" value="VeryDesirable"></Consequence>
        </FuzzyRule>
        
        <FuzzyRule>		
            <!-- 判断规则4  中生命，低伤害，低发动-->
            <Antecedent  type="1">
                <Value name="Life_Half"> </Value>
                <Value name = "Damage_opp_low"> </Value>
            </Antecedent>
            <Consequence  type = "0" value="Desirable"></Consequence>
        </FuzzyRule>
        
        <FuzzyRule>
            <!-- 判断规则5 中生命，中伤害，中发动-->
            <Antecedent  type="1">
                <Value name="Life_Half"> </Value>
                <Value name = "Damage_opp_Half"> </Value>
            </Antecedent>
            <Consequence  type = "0" value="VeryDesirable"></Consequence>
        </FuzzyRule>
        
        <FuzzyRule>		
            <!-- 判断规则6 中生命，高伤害，高发动-->
            <Antecedent  type="1">
                <Value name="Life_Half"> </Value>
                <Value name = "Damage_opp_High"> </Value>
            </Antecedent>
            <Consequence  type = "0" value="VeryDesirable"></Consequence>
        </FuzzyRule>
        
        <FuzzyRule>		
            <!-- 判断规则7  高生命，低伤害，低发动-->
            <Antecedent  type="1">
                <Value name="Life_High"> </Value>
                <Value name = "Damage_opp_low"> </Value>
            </Antecedent>
            <Consequence  type = "0" value="Undesirable"></Consequence>
        </FuzzyRule>
        
        <FuzzyRule>
            <!-- 判断规则8 高生命，中伤害，中发动-->
            <Antecedent  type="1">
                <Value name="Life_High"> </Value>
                <Value name = "Damage_opp_Half"> </Value>
            </Antecedent>
            <Consequence  type = "0" value="Desirable"></Consequence>
        </FuzzyRule>
        
        <FuzzyRule>		
            <!-- 判断规则9 高生命，高伤害，高发动，附加高修正-->
            <Antecedent  type="1">
                <Value name="Life_High"> </Value>
                <Value name = "Damage_opp_High"> </Value>
            </Antecedent>
            <Consequence  type = "2" value="VeryDesirable"></Consequence>
        </FuzzyRule> 
    </SkillClass>

</ConfigList>